{"cameraMode":{"drawMode":0,"name":"Shaded","section":"Shading Mode"},"sceneLighting":false,"audioPlay":false,"sceneViewState":{"showFog":true,"showMaterialUpdate":false,"showSkybox":false,"showFlares":true,"showImageEffects":true,"showParticleSystems":true},"in2DMode":false,"pivot":{"x":1.836700439453125,"y":-0.277099609375,"z":-3.12548828125},"rotation":{"x":0.004822860471904278,"y":0.9798152446746826,"z":-0.19842429459095,"w":0.02381504513323307},"size":3.6606709957122804,"orthographic":true}