{"cameraMode":{"drawMode":0,"name":"Shaded","section":"Shading Mode"},"sceneLighting":false,"audioPlay":false,"sceneViewState":{"showFog":true,"showMaterialUpdate":false,"showSkybox":false,"showFlares":true,"showImageEffects":true,"showParticleSystems":true},"in2DMode":false,"pivot":{"x":0.18499994277954102,"y":0.00972563773393631,"z":0.0},"rotation":{"x":0.28567859530448916,"y":0.6669639348983765,"z":-0.31018030643463137,"w":0.6142788529396057},"size":21.808147430419923,"orthographic":false}