{"cameraMode":{"drawMode":0,"name":"Shaded","section":"Shading Mode"},"sceneLighting":false,"audioPlay":false,"sceneViewState":{"showFog":true,"showMaterialUpdate":false,"showSkybox":false,"showFlares":true,"showImageEffects":true,"showParticleSystems":true},"in2DMode":false,"pivot":{"x":0.039999961853027347,"y":0.19499999284744264,"z":-0.01999950408935547},"rotation":{"x":0.3061654567718506,"y":0.638413667678833,"z":-0.30745235085487368,"w":0.6357417702674866},"size":15.495401382446289,"orthographic":false}