{"cameraMode":{"drawMode":0,"name":"Shaded","section":"Shading Mode"},"sceneLighting":false,"audioPlay":false,"sceneViewState":{"showFog":true,"showMaterialUpdate":false,"showSkybox":false,"showFlares":true,"showImageEffects":true,"showParticleSystems":true},"in2DMode":false,"pivot":{"x":-2.9700000286102297,"y":1.0000001192092896,"z":-1.5400002002716065},"rotation":{"x":0.14870119094848634,"y":0.6956257820129395,"z":-0.15067586302757264,"w":0.6865074634552002},"size":17.202083587646486,"orthographic":false}