{"cameraMode":{"drawMode":0,"name":"Shaded","section":"Shading Mode"},"sceneLighting":false,"audioPlay":false,"sceneViewState":{"showFog":true,"showMaterialUpdate":false,"showSkybox":false,"showFlares":true,"showImageEffects":true,"showParticleSystems":true},"in2DMode":false,"pivot":{"x":-0.38302719593048098,"y":-0.20888233184814454,"z":0.9160366058349609},"rotation":{"x":-0.012836866080760956,"y":0.9539094567298889,"z":-0.2969713509082794,"w":-0.041233647614717486},"size":8.763748168945313,"orthographic":false}