{"cameraMode":{"drawMode":0,"name":"Shaded","section":"Shading Mode"},"sceneLighting":false,"audioPlay":false,"sceneViewState":{"showFog":true,"showMaterialUpdate":false,"showSkybox":false,"showFlares":true,"showImageEffects":true,"showParticleSystems":true},"in2DMode":false,"pivot":{"x":-3.7132821083068849,"y":-2.0737342834472658,"z":0.2636197805404663},"rotation":{"x":0.3928780257701874,"y":0.5819194912910461,"z":-0.379436731338501,"w":0.6025349497795105},"size":11.518281936645508,"orthographic":false}