{"cameraMode":{"drawMode":0,"name":"Shaded","section":"Shading Mode"},"sceneLighting":false,"audioPlay":false,"sceneViewState":{"showFog":true,"showMaterialUpdate":false,"showSkybox":false,"showFlares":true,"showImageEffects":true,"showParticleSystems":true},"in2DMode":false,"pivot":{"x":2.869999885559082,"y":0.1899999976158142,"z":-0.06000041961669922},"rotation":{"x":0.28567859530448916,"y":0.6669639348983765,"z":-0.31018030643463137,"w":0.6142788529396057},"size":15.101691246032715,"orthographic":false}