{"cameraMode":{"drawMode":0,"name":"Shaded","section":"Shading Mode"},"sceneLighting":false,"audioPlay":false,"sceneViewState":{"showFog":true,"showMaterialUpdate":false,"showSkybox":false,"showFlares":true,"showImageEffects":true,"showParticleSystems":true},"in2DMode":false,"pivot":{"x":-1.242891788482666,"y":-12.02268123626709,"z":-2.2509994506835939},"rotation":{"x":-0.43935626745224,"y":-0.09242591261863709,"z":0.04550478607416153,"w":-0.8923861384391785},"size":17.668622970581056,"orthographic":false}