{"cameraMode":{"drawMode":0,"name":"Shaded","section":"Shading Mode"},"sceneLighting":false,"audioPlay":false,"sceneViewState":{"showFog":true,"showMaterialUpdate":false,"showSkybox":false,"showFlares":true,"showImageEffects":true,"showParticleSystems":true},"in2DMode":false,"pivot":{"x":-3.0999999046325685,"y":0.1899999976158142,"z":7.6399993896484379},"rotation":{"x":0.5572466254234314,"y":0.02240896411240101,"z":-0.015046654269099236,"w":0.8299094438552856},"size":21.475284576416017,"orthographic":false}